prompt	solution0	solution1	label	language	approx_cultural_score	gemini_translated0	gemini_translated1	llm_used	example_id	supplement
Za karađorđevu šniclu podjednako je ispravno ako se koristi i junetina i svinjetina. Najbolje bi bilo koristiti file kao najmekše meso koje se brzo peče ali je dovoljno dobro i meso buta koje je odmašćeno i sa kog su otklonjene sve žilice. Savršeno bi bilo da nabavite velike šnicle i da se sve umota u jednom komadu ali ako to nije moguće tu su čačkalice da pomognu da se rolovano meso koje je u komadima lepo učvrsti. Šniclu dobro izlupamo batom za meso, da bude što tanja obratite pažnju da vam ivice budu još tanje da bi se lepše slepile. Što je deblja šnicla to postoji veća verovatnoća da će meso prilikom prženja unutar rolata ostati sirovo. Zato meso mora biti maksimalno tanko i po mogućnosti što pravilnijeg oblika. Meso blago posolimo (u zavisnosti od slanosti kajmaka) i pospemo krupnim sveže mlevenim biberom pa bogato napunimo starim kajmakom. Meso zatim uvijemo kao palačinku naguravajući krajeve ka unutra da fil ne bi iscureo tokom pečenja. Ukoliko niste sigurni da je sve savršeno čvrsto ojačajte sa čačkalicama. Rolat zatim uvaljamo u brašno. Brašnasti rolat zatim uvaljamo u jaja koja smo ulupali sa prstohvatom soli. Nakon jaja rolat uvaljamo u prezlu. Ukoliko volite deblju koricu kod paniranja ponovite još jednom postupak bez brašna, tj. nakon valjanja u prezlu ponovo vratite rolat u jaja pa opet u prezlu.	Meso pržimo u što više ulja na srednje jakom plamenu. Ukoliko ga pečete na jakom plamenu panaža će brzo poprimiti boju a meso će ostati sirovo a ukoliko jako smanjite plamen panaža će polako poprimiti boju a meso će previše upiti ulje i punjenje će iscuriti. Zato srednja jačina plamena, rolat pečemo sa nekih strana dok ne poprimi zlatno-smeđu boju. Gotov rolat ocedimo pažljivo od ulja i odložimo na nekoliko slojeva papirnog ubrusa.	Meso pržimo u što više ulja na srednje jakom plamenu. Ukoliko ga pečete na jakom plamenu panaža će brzo poprimiti boju a meso će ostati sirovo a ukoliko jako smanjite plamen panaža će polako poprimiti boju a meso će previše upiti ulje i punjenje će iscuriti. Zato srednja jačina plamena, rolat pržimo sa svih strana dok ne poprimi zlatno-smeđu boju. Gotov rolat ocedimo pažljivo od ulja i odložimo na nekoliko slojeva papirnog ubrusa.	1	srp_latn	1	For Karađorđeva šnicla, it is equally correct to use either veal or pork. It would be best to use fillet as the softest meat that cooks quickly, but meat from the leg that has been trimmed of fat and from which all sinew has been removed is also good enough. It would be perfect if you could get large cutlets and roll everything up in one piece, but if that's not possible, toothpicks are there to help secure the rolled meat that is in pieces. Pound the cutlet well with a meat mallet to make it as thin as possible; pay attention to making the edges even thinner so they stick together better. The thicker the cutlet, the greater the likelihood that the meat inside the roll will remain raw during frying. Therefore, the meat must be as thin as possible and, if possible, have a shape that is as regular as possible. Lightly salt the meat (depending on the saltiness of the kajmak) and sprinkle with coarse, freshly ground pepper, then generously fill it with aged kajmak. Then, roll the meat like a pancake, tucking the ends inward so the filling doesn't leak out during cooking. If you're not sure that it's all perfectly firm, reinforce it with toothpicks. Then, roll the roll in flour. Next, roll the floured roll in eggs that have been beaten with a pinch of salt. After the eggs, roll the roll in breadcrumbs. If you like a thicker crust for breading, repeat the process once more without the flour, i.e., after rolling in the breadcrumbs, return the roll to the eggs and then back into the breadcrumbs. Fry the meat in as much oil as possible over a medium-high flame. If you cook it on a high flame, the breading will quickly brown while the meat remains raw, and if you lower the flame too much, the breading will slowly brown while the meat absorbs too much oil and the filling will leak out. Therefore, a medium flame is best; we cook the roll on all sides until it takes on a golden-brown color. Carefully drain the finished roll of oil and place it on several layers of paper towels.	For Karađorđeva šnicla, it is equally correct to use either veal or pork. It would be best to use a fillet, as it is the tenderest meat that cooks quickly, but a cut from the leg, with the fat and all sinews removed, is also good enough. It would be perfect if you could get large cutlets and roll everything in one piece, but if that's not possible, toothpicks are there to help secure the rolled meat that is in pieces. Pound the cutlet well with a meat mallet to make it as thin as possible; pay attention to make the edges even thinner so they seal better. The thicker the cutlet, the greater the likelihood that the meat inside the roll will remain raw during frying. Therefore, the meat must be as thin as possible and, if possible, have a regular shape. Lightly salt the meat (depending on the saltiness of the kajmak) and sprinkle with coarse, freshly ground pepper, then generously fill with aged kajmak. Then, roll up the meat like a pancake, tucking the ends inward so the filling doesn't leak out during cooking. If you're not sure it's perfectly firm, reinforce it with toothpicks. Then, roll the roll in flour. After that, roll the floured roll in eggs that have been beaten with a pinch of salt. After the eggs, roll the roll in breadcrumbs. If you like a thicker crust, repeat the breading process once more without the flour, i.e., after rolling in breadcrumbs, return the roll to the eggs and then back into the breadcrumbs. Fry the meat in plenty of oil over medium-high heat. If you fry it on high heat, the coating will quickly brown while the meat remains raw, and if you lower the heat too much, the coating will brown slowly while the meat absorbs too much oil and the filling leaks out. Therefore, medium heat is best; fry the roll on all sides until it turns a golden-brown color. Carefully drain the finished roll of oil and place it on several layers of paper towels.	0	group0022_ex000237_srp_latn_0	
džezva	je pretrpela oštećenje nakon što se otkotrljala.	je pretrpela oštećenje nakon što je zagorela.	1	srp_latn	1	The džezva suffered damage after it rolled away.	The džezva was damaged after it burned.	0	group0022_ex000289_srp_latn_0	
Kada praviš pravi burek, prati tradicionalni recept.	Treba da dobro razviješ kore da budu tanke i stavi dosta sira, jedna tepsija bi trebala da bude teška oko kilo.	Treba da dobro razviješ kore da budu debele i stavi dosta sira, jedna tepsija bi trebala da bude teška oko kilo.	0	srp_latn	1	When you're making a real burek, follow the traditional recipe. You need to roll out the dough well so it's thin and put in a lot of cheese, one tepsija should weigh about a kilo.	When you make real burek, follow the traditional recipe. You need to roll out the dough well so it's thick and put a lot of cheese, one tepsija should weigh about a kilo.	0	group0022_ex000311_srp_latn_0	
Pomagao sam baki da pravi zimnicu, prva na redu je bila turšija	pa sam zbog toga morao da odem do podruma i da donesem velike tegle.	pa sam zbog toga morao da odem do podruma i da donesem visoke tegle.	0	srp_latn	1	I was helping my grandma make zimnica, first on the list was turšija, so because of that, I had to go to the cellar and bring the big jars.	I was helping my grandma make winter preserves, first on the list was turšija, so because of that I had to go to the basement and bring the tall jars.	0	group0022_ex000313_srp_latn_0	
zvučnik	se smatra neizostavnim delom svake žurke.	se smatra neobaveznim delom svake žurke.	0	srp_latn	1	The speaker is considered an essential part of every party.	The speaker is considered an optional part of every party.	0	group0022_ex000204_srp_latn_0	
Uvek se izujem kada stignem kući ali to ne znači da idem bos jer odmah nataknem svoje kućne papuče čije mi je nošenje sada prešlo gotovo u naviku jer ih koristim još od kada sam bio tinejdžer	Jedna od velikih prednosti je što me muče zimi i pružaju mi zaštitu nogu ako se nešto prospe.	Jedna od velikih prednosti je što me greju zimi i pružaju mi zaštitu nogu ako se nešto prospe.	1	srp_latn	0	I always take my shoes off when I get home, but that doesn't mean I go barefoot because I immediately put on my house slippers, the wearing of which has now almost become a habit for me since I've been using them ever since I was a teenager. One of the great advantages is that they warm me in the winter and provide my feet with protection if something gets spilled.	I always take my shoes off when I get home but that doesn't mean I go barefoot because I immediately put on my house slippers, which has now become almost a habit for me since I've been using them since I was a teenager. One of the great advantages is that they keep me warm in the winter and protect my feet if something spills.	0	group0022_ex000233_srp_latn_0	
metla	se rascvetala	se razlupala	0	srp_latn	0	The broom has blossomed.	The broom fell apart.	0	group0022_ex000232_srp_latn_0	
Prilikom dekoracije sobe, želeo sam da okačim sliku na zidu.	Ipak sam odustao od toga dok ne kupim bolji ram.	Ipak sam odustao od toga dok ne kupim glupi ram.	0	srp_latn	0	When decorating the room, I wanted to hang a picture on the wall. However, I gave up on it until I buy a better frame.	When decorating the room, I wanted to hang a picture on the wall. However, I gave up on that until I buy a stupid frame.	0	group0022_ex000229_srp_latn_0	
Kartonske kutije su dosta olakšale organizaciju stvari kako kod kuće tako i u kancelarijama. Naročito su korisne kada je potrebno veću količinu stvari prebaciti sa jedne na drugu lokaciju jer je mnogo lakše da se naređaju kutije jedna na drugu u na primer kombiju, da su stvari van kutije, često bi bio problem da se sve složi i da se ništa ne ošteti.	Obično se prave od jednog komada kartona koji se prvo seče na odgovarajući način i oblik, zatim se presavija i na kraju po potrebi lepi, ako je poklopac poseban, onda se on pravi od posebnog komada kartona.	Obično se prave od jednog komada kartona koji se prvo seče na odgovarajući način i oblik, zatim se sklapa i na kraju po potrebi lepi, ako je poklopac poseban, onda se on pravi od posebnog komada kartona.	0	srp_latn	0	Cardboard boxes have greatly facilitated the organization of things both at home and in offices. They are especially useful when a larger quantity of items needs to be moved from one location to another, because it is much easier to stack boxes on top of each other in a van, for example; if the items were outside of boxes, it would often be a problem to arrange everything and ensure nothing gets damaged. They are usually made from a single piece of cardboard that is first cut to the appropriate shape and size, then folded, and finally glued if necessary. If the lid is separate, it is made from a separate piece of cardboard.	Cardboard boxes have greatly facilitated the organization of things both at home and in offices. They are especially useful when it is necessary to move a larger quantity of things from one location to another because it is much easier to stack boxes on top of each other in a van, for example; if the things were outside the boxes, it would often be a problem to arrange everything and for nothing to get damaged. They are usually made from a single piece of cardboard which is first cut into the appropriate shape and form, then folded, and finally glued if necessary; if the lid is separate, then it is made from a separate piece of cardboard.	0	group0022_ex000300_srp_latn_0	
Pre nego što kupiš nove tapete	moraš izračunati površinu poda da bi znao koliko rolni treba kupiti da ti ne bi ostao ni višak niti se pojavio manjak.	moraš izračunati površinu sobe da bi znao koliko rolni treba kupiti da ti ne bi ostao ni višak niti se pojavio manjak.	1	srp_latn	0	Before you buy new wallpaper, you must calculate the area of the floor to know how many rolls you need to buy so that you are left with neither a surplus nor a shortage.	Before you buy new wallpaper, you have to calculate the area of the room in order to know how many rolls to buy, so that you are left with neither a surplus nor a shortage.	0	group0022_ex000348_srp_latn_0	
Prilikom bacanja đubreta	treba ga dobro sortirati po njegovom tipu da bi bilo lakše reciklirati ga u buduće jer različiti materijali traže različite pristupe i obradu.	treba ga dobro sortirati po njegovim bojama da bi bilo lakše reciklirati ga u buduće jer različiti materijali traže različite pristupe i obradu.	0	srp_latn	0	When throwing away trash, it should be sorted well according to its type to make it easier to recycle in the future, because different materials require different approaches and processing.	When disposing of garbage, it should be sorted well by its colors to make it easier to recycle in the future, because different materials require different approaches and processing.	0	group0022_ex000284_srp_latn_0	
čiviluk	je stao	je pao	1	srp_latn	0	The coat rack has stopped working	The coat rack has fallen.	0	group0022_ex000268_srp_latn_0	
štampač	se isključio.	se otključao.	0	srp_latn	0	The printer turned off.	The printer has unlocked.	0	group0022_ex000276_srp_latn_0	
Dok se Petar vraćao kući primetio je da je neko izgubio kožni novčanik	pa je odlučio da nađe tu osobu i vrati joj njene stvari.	pa je odlučio da nađe tu osobu i baci joj njene stvari.	0	srp_latn	0	While Petar was returning home, he noticed that someone had lost a leather wallet, so he decided to find that person and return their things.	While Petar was returning home, he noticed that someone had lost a leather wallet, so he decided to find that person and throw their things at them.	0	group0022_ex000337_srp_latn_0	
Dugo mi je bilo potrebno da nađem makaze za levoruke	jer sa ovim običnim koje služe za desnoruke jako čudno mogu da isečem bilo šta.	jer sa ovim običnim koje služe za desnoruke jako teško mogu da isečem bilo šta.	1	srp_latn	0	It took me a long time to find left-handed scissors because with these regular ones for right-handed people I can only cut anything very awkwardly.	It took me a long time to find left-handed scissors because with these regular ones for right-handed people it's very difficult for me to cut anything.	0	group0022_ex000292_srp_latn_0	
fenjer	ne može da daje osvetljenje.	može da daje osvetljenje.	1	srp_latn	0	A lantern cannot provide light.	A lantern can provide light.	0	group0022_ex000314_srp_latn_0	
Dok se igralo napolju, dete je palo i ogulilo koleno pa je od roditelja tražilo flaster.	Na sreću, imali su ga u kući pa su uspeli da ranu isperu i sklone.	Na sreću, imali su ga u kući pa su uspeli da ranu isperu i saniraju.	1	srp_latn	0	While playing outside, the child fell and scraped their knee, so they asked their parents for a band-aid. Luckily, they had one at home, so they managed to rinse and take care of the wound.	While playing outside, the child fell and scraped its knee, so it asked its parents for a band-aid. Luckily, they had one in the house, so they managed to rinse and treat the wound.	0	group0022_ex000332_srp_latn_0	
Nakon što sam primetio da me sve više bole leđa i da ne mogu dugo da sedim,	kupio sam novu stolicu za računar koja ima i tegiće.	kupio sam novu stolicu za računar koja ima i točkiće.	1	srp_latn	0	After I noticed that my back was hurting more and more and that I couldn't sit for a long time, I bought a new computer chair that also has tegiće.	After noticing that my back was hurting more and more and that I couldn't sit for a long time, I bought a new computer chair that also has wheels.	0	group0022_ex000207_srp_latn_0	
U slučaju da ti zatreba brašna a previše je kasno da ideš do prodavnice jer si u sred spremanja	Možeš ukrasti malo od nekog iz komšiluka.	Možeš pozajmiti malo od nekog iz komšiluka.	1	srp_latn	0	In case you need flour and it's too late to go to the store because you're in the middle of preparing something, you can steal a little from someone in the neighborhood.	In case you need flour and it's too late to go to the store because you're in the middle of preparing something, you can borrow some from a neighbor.	0	group0022_ex000203_srp_latn_0	
Prilikom uspona na planinu, šetnje obično traju dugo i odvijaju se po nepristupačnom terenu, pa je potrebno imati udobnu obuću	koja ti neće izazvati žuljeve niti biti previše teška za nošenje.	koja ti neće izazvati žuljeve niti biti previše laka za nošenje.	0	srp_latn	0	When climbing a mountain, hikes usually last a long time and take place on rough terrain, so it is necessary to have comfortable footwear that will not cause you blisters or be too heavy to wear.	When climbing a mountain, hikes usually last a long time and take place on inaccessible terrain, so it is necessary to have comfortable footwear that will not give you blisters or be too light to wear.	0	group0022_ex000257_srp_latn_0	
Ulična svetiljka ispred moje zgrade je prestala da radi i više se nisam osećao toliko bezbedno,	Zato sam morao da kontaktiram nadležne organe koji bi došli da je poprave.	Zato sam moramoda kontaktiram nadležne organe koji bi došli da je rasture.	0	srp_latn	0	The streetlight in front of my building stopped working and I no longer felt so safe. That's why I had to contact the relevant authorities to come and fix it.	The streetlight in front of my building stopped working and I didn't feel so safe anymore, so I had to contact the competent authorities to come and dismantle it.	0	group0022_ex000301_srp_latn_0	
Kada ti se uprlja krpa	potrebno ju je oprati jer prljava krpa donosi više štete nego koristi kada se njome briše ili čisti bilo šta.	potrebno ju je zakopati jer prljava krpa donosi više štete nego koristi kada se njome briše ili čisti bilo šta.	0	srp_latn	0	When your cloth gets dirty, it needs to be washed because a dirty cloth does more harm than good when you wipe or clean anything with it.	When your cloth gets dirty, it needs to be buried, because a dirty cloth does more harm than good when you wipe or clean anything with it.	0	group0022_ex000331_srp_latn_0	
Kada sam se vratio kući, video sam da mi je kupatilo potpuno poplavljeno	pa sam uzeo peškire da sakupim što više vode dok ne dođe majstor.	pa sam uzeo peškire da rasturim što više vode dok ne dođe majstor.	0	srp_latn	0	When I got back home, I saw that my bathroom was completely flooded, so I took towels to soak up as much water as possible until the repairman arrived.	When I got home, I saw that my bathroom was completely flooded so I took towels to soak up as much water as possible until the repairman arrived.	0	group0022_ex000287_srp_latn_0	
Za dobar i miran san, jako je bitno da imaš dobar jastuk koji će ti pružati udobnost	i ljudi preporučuju tvrdji i veći jastuk za bolji san.	i ljudi preporučuju tvrdji i hrapavi jastuk za bolji san.	0	srp_latn	0	For a good and peaceful sleep, it is very important that you have a good pillow that will provide you with comfort, and people recommend a firmer and larger pillow for better sleep.	For a good and peaceful sleep, it is very important to have a good pillow that will provide you with comfort, and people recommend a firmer and rougher pillow for better sleep.	0	group0022_ex000272_srp_latn_0	
Globus je umanjeni loptasti prikaz Zemlje, planeta ili nebeske sfere sa ucrtanim kartografskim prikazom date površine. Odnos i geometrijska podudarnost sa stvarnim prikazima je najsličnija od svih mogućih interpretacija. Prema tipu globusi se mogu podeliti na geografske i astronomske. U nastavi geografije, sferni prikaz Zemlje je jedan od osnovnih učila. Globus prikazuje detalje svoje teme. Zemaljski globus prikazuje kopnene mase i vodena tela. On može da prikaže nacije i veće gradove i mrežu linija geografske širine i dužine. Neki imaju podignuti reljef da bi prikazali planine i druge velike reljefne oblike. Nebeski globus prikazuje značajne zvezde, a može da prikazuje i položaje drugih istaknutih astronomskih objekata. Obično će takođe podeliti nebesku sferu na sazvežđa.	Sam naziv globus potiče iz latinske reči za loptu jer on zapravo i jeste tog oblika iako naša planeta nije toliko gemoetrijski precizna.	Sam naziv globus potiče iz latinske reči za krug jer on zapravo i jeste tog oblika iako naša planeta nije toliko gemoetrijski precizna.	0	srp_latn	0	A globe is a scaled-down spherical model of the Earth, a planet, or the celestial sphere with a cartographic representation of a given surface drawn on it. The ratio and geometric correspondence with the actual representation is the most similar of all possible interpretations. Globes can be divided into geographical and astronomical types. In geography education, the spherical representation of the Earth is one of the basic teaching aids. A globe shows details of its subject. A terrestrial globe shows landmasses and bodies of water. It might show nations and major cities and a grid of latitude and longitude lines. Some have raised relief to show mountains and other large landforms. A celestial globe shows notable stars, and may also show the positions of other prominent astronomical objects. It will also typically divide the celestial sphere into constellations. The name globe itself comes from the Latin word for ball because it is, in fact, that shape, although our planet is not so geometrically precise.	A globe is a scaled-down, spherical representation of the Earth, a planet, or the celestial sphere with a cartographic representation of a given surface drawn on it. The relationship and geometric correspondence with the real representations is the most similar of all possible interpretations. According to their type, globes can be divided into geographical and astronomical. In geography education, the spherical representation of the Earth is one of the basic teaching aids. A globe shows the details of its subject. A terrestrial globe shows landmasses and bodies of water. It can show nations and major cities and the network of latitude and longitude lines. Some have raised relief to show mountains and other large landforms. A celestial globe shows notable stars, and may also show the positions of other prominent astronomical objects. It will usually also divide the celestial sphere into constellations. The name globe itself comes from the Latin word for a circle because it is in fact of that shape, although our planet is not so geometrically precise.	0	group0022_ex000235_srp_latn_0	
Još od kada sam bio mali, mama mi je uvek govorila da uz sebe imam pakovanje maramica	Pošto mogu biti korisne u mnogim situacijama koje mogu da se dese a dovoljno su lake da mogu uvek da se nose.	Pošto mogu biti korisne u mnogim situacijama koje mogu da se dese a dovoljno su bele da mogu uvek da se nose.	0	srp_latn	0	Ever since I was little, my mom always told me to have a pack of tissues with me. Since they can be useful in many situations that can happen and they are light enough to always be carried around.	Ever since I was little, my mom always told me to have a pack of tissues with me. Since they can be useful in many situations that might happen, and they are white enough that they can always be carried.	0	group0022_ex000255_srp_latn_0	
Kako klimatske promene uzimaju sve više maha, klima uređaj već postaje potreba a ne luksuz. Na žalost, mnoge porodice je i dalje ne mogu priuštiti ili imaju klimu samo u jednoj prostoriji u kući.	Da bi namontirali klimu, bolje je pozvati nekog stručnog ali u osnovi potrebno je obiti nekoliko rupa na zidu preko kojih ćete spojiti spoljašnju i unutrašnju jedinicu jednu sa drugom kao i obezbediti utičnicu blizu klime.	Da bi namontirali klimu, bolje je pozvati nekog stručnog ali u osnovi potrebno je probušiti nekoliko rupa na zidu preko kojih ćete spojiti spoljašnju i unutrašnju jedinicu jednu sa drugom kao i obezbediti utičnicu blizu klime.	1	srp_latn	0	As climate change gains more and more momentum, an air conditioner is already becoming a necessity and not a luxury. Unfortunately, many families still cannot afford it or have an air conditioner in only one room in the house. To install an air conditioner, it is better to call a professional, but basically, you need to knock out a few holes in the wall through which you will connect the outdoor and indoor units to each other, as well as provide an outlet near the air conditioner.	As climate change intensifies, an air conditioner is already becoming a necessity and not a luxury. Unfortunately, many families still cannot afford it or have an air conditioner in only one room in the house. To install an air conditioner, it is better to call a professional, but basically, you need to drill a few holes in the wall through which you will connect the outdoor and indoor units to each other, as well as provide an electrical outlet near the air conditioner.	0	group0022_ex000328_srp_latn_0	
Pas je skočio na stočić pa oborio i slomio lampu koju sam dobio na poklon.	Pošto je lampa i dalje starila, odlučio sam da je zalepim jer šteta nije bila toliko velika i sada imamo uspomenu više.	Pošto je lampa i dalje radila, odlučio sam da je zalepim jer šteta nije bila toliko velika i sada imamo uspomenu više.	1	srp_latn	0	The dog jumped onto the coffee table and knocked over and broke the lamp that I had received as a gift. Since the lamp was old anyway, I decided to glue it back together because the damage wasn't that great, and now we have one more memento.	The dog jumped on the coffee table, knocking over and breaking the lamp I got as a gift. Since the lamp still worked, I decided to glue it back together because the damage wasn't that great, and now we have one more memento.	0	group0022_ex000208_srp_latn_0	
Uvek mi je bilo zanimljivo kako rade sijalice i kako smo uspeli da ih proizvedemo	Jer čak i male sijalice mogu da proizvedu puno svetla	Jer čak i slabe sijalice mogu da proizvedu puno svetla	0	srp_latn	0	I always found it interesting how light bulbs work and how we managed to produce them because even small light bulbs can produce a lot of light.	I've always found it interesting how light bulbs work and how we managed to produce them. Because even dim light bulbs can produce a lot of light.	0	group0022_ex000238_srp_latn_0	
Treba izbegavati upotrebu fena u kupatilu	jer ako dođe do mešanja sa vodom, život ti može biti ugrožen pa je najpametnije fenirati se negde drugde.	jer ako dođe do kontakta sa vodom, život ti može biti ugrožen pa je najpametnije fenirati se negde drugde.	1	srp_latn	0	You should avoid using a hairdryer in the bathroom because if it comes into contact with water, your life could be endangered, so it's smartest to dry your hair somewhere else.	You should avoid using a hair dryer in the bathroom because if it comes into contact with water, your life can be endangered, so it's smartest to dry your hair somewhere else.	0	group0022_ex000324_srp_latn_0	
Pranje zavesa je uglavnom težak posao	jer su teške kada se namokre i treba ih raširiti.	jer su male kada se namokre i treba ih raširiti.	0	srp_latn	0	Washing curtains is usually hard work because they are heavy when they get wet and they need to be spread out.	Washing curtains is generally hard work because they are small when they get wet and need to be spread out.	0	group0022_ex000211_srp_latn_0	
Ako ti se na bilo koji način pokvasi knjiga	ostavi je da se raspadne tako što ćeš je staviti negde gde ima promaje i raširi listove što je više moguće.	ostavi je da se osuši tako što ćeš je staviti negde gde ima promaje i raširi listove što je više moguće.	1	srp_latn	0	If your book gets wet in any way, leave it to dry out by putting it somewhere where there is a draft and spread the pages as much as possible.	If your book gets wet in any way, leave it to dry by placing it somewhere where there is a *promaja* and spread the pages as much as possible.	0	group0022_ex000285_srp_latn_0	
Ćerka me je pitala koliko je visoka pa sam potražio lenjir da je izmerim,	na našu žalost, bio je labav i morali smo da kupimo novi,	na našu žalost, bio je polomljen i morali smo da kupimo novi.	1	srp_latn	0	My daughter asked me how tall she is, so I looked for a ruler to measure her, unfortunately for us, it was loose and we had to buy a new one.	My daughter asked me how tall she was, so I looked for a ruler to measure her, unfortunately, it was broken and we had to buy a new one.	0	group0022_ex000281_srp_latn_0	
Budu li ti se razbile naočare umesto da brineš oko toga	trebalo bi kupiti nove, novi ram i proveriti stakla da nije došlo do promene dioptrije.	trebalo bi kupiti nove, novi ram i proveriti stakla da nije došlo do opomene dioptrije.	0	srp_latn	0	If your glasses break, instead of worrying about it, you should buy new ones, a new frame, and check the lenses to see if there has been a change in diopter.	If your glasses get broken, instead of worrying about it, you should buy new ones, a new frame, and check the lenses to see if there has been a change in your prescription.	0	group0022_ex000266_srp_latn_0	
Džepni nož se smatra za jedan od najboljih alata koje možeš imati svaki put kada se nađeš u prirodi jer je lak, kompaktan i pored noža zapravo može imati i neke dodatne alate poput turpije, makaza, šila i drugih koji mogu da se koriste za različite stvari i na različite načine. Verovatno najpopularniji tip takvog noža jeste mali crveni nož koji mnogi nazivaju Švajcarskim nožićem.	Ali iako je mali, to ne znači da ne može da odmeni i nije opasan, zato je potrebno biti pažljiv pri rukovanju kao i sa bilo kojim drugim nožem.	Ali iako je mali, to ne znači da ne može da povredi i nije opasan, zato je potrebno biti pažljiv pri rukovanju kao i sa bilo kojim drugim nožem.	1	srp_latn	0	A pocket knife is considered one of the best tools you can have whenever you are in nature because it is light, compact, and besides the blade, it can actually have some additional tools such as a file, scissors, an awl, and others that can be used for different things and in different ways. Probably the most popular type of such a knife is the small red knife that many call a Swiss Army knife. But even though it is small, that doesn't mean it can't be a substitute and isn't dangerous, which is why it is necessary to be careful when handling it, just as with any other knife.	A pocket knife is considered one of the best tools you can have whenever you are in nature because it is light, compact, and besides the blade, it can actually have some additional tools like a file, scissors, an awl, and others that can be used for different things and in different ways. Probably the most popular type of such a knife is the small red knife that many call a Swiss Army knife. But even though it is small, that doesn't mean it can't hurt you and isn't dangerous, so it is necessary to be careful when handling it, just like with any other knife.	0	group0022_ex000335_srp_latn_0	
Isključi bojler svaki put pre nego što ideš da se okupaš ili koristiš vruću vodu	jer ukoliko je određen može doći do smrtnih slučajeva ili teških povreda ako struja na neki način dođe u kontakt sa vodom.	jer ukoliko je oštećen može doći do smrtnih slučajeva ili teških povreda ako struja na neki način dođe u kontakt sa vodom.	1	srp_latn	0	Turn off the water heater every time before you bathe or use hot water because it can lead to death or serious injury if electricity somehow comes into contact with the water.	Turn off the water heater every time before you go to bathe or use hot water because if it is damaged, fatal accidents or serious injuries can occur if electricity somehow comes into contact with the water.	0	group0022_ex000309_srp_latn_0	
Ukoliko se odlučite da čuvate malo mače budite spremni na mnoge izazove naročito ako vam je to prvo mače. Koliko god bili slatki to ne znači da su igračke, potrebno je da znate da mogu biti anksiozni u početku jer su odvojeni od majke pa je dobra ishrana i često maženje i igra jako bitno	Takođe, možete pomoći svojoj maci tako što uzmete četkicu za zube, nakvasite je vodom i nežno četkate svoje mače između ušiju jer ih to podseća kako ih je lizala njihova mama.	Takođe, možete pomoći svojoj maci tako što uzmete četkicu za zube, obložite je vodom i nežno četkate svoje mače između ušiju jer ih to podseća kako ih je lizala njihova mama.	0	srp_latn	0	If you decide to keep a little kitten, be prepared for many challenges, especially if it is your first kitten. As cute as they are, that doesn't mean they are toys; you need to know that they can be anxious at first because they are separated from their mother, so good nutrition and frequent cuddling and play are very important. Also, you can help your kitten by taking a toothbrush, wetting it with water, and gently brushing your kitten between the ears, because this reminds them of how their mother used to lick them.	If you decide to take care of a little kitten, be prepared for many challenges, especially if it is your first kitten. As cute as they are, it doesn't mean they are toys; you need to know that they can be anxious at first because they are separated from their mother, so good nutrition and frequent cuddling and playing are very important. Also, you can help your kitty by taking a toothbrush, wetting it with water, and gently brushing your kitten between the ears, as this reminds them of how their mother licked them.	0	group0022_ex000277_srp_latn_0	
žvake	su zapravo odlične za zube.	su zapravo loše za zube.	1	srp_latn	0	Chewing gum is actually great for your teeth.	Chewing gum is actually bad for your teeth.	0	group0022_ex000217_srp_latn_0	
Ukoliko kupuješ mikrofon bilo da ti treba za sastanke preko interneta ili si rešio da pokreneš podkast	proveri koliko je slastan i da li se ne čuje šum.	proveri koliko je glasan i da li se ne čuje šum.	1	srp_latn	0	If you are buying a microphone, whether you need it for online meetings or you've decided to start a podcast, check how clear it is and whether there is any background noise.	If you're buying a microphone, whether you need it for online meetings or you've decided to start a podcast, check how loud it is and if there is no background noise.	0	group0022_ex000283_srp_latn_0	
Ako ti je džemper mokar od kiše	možeš da ga staviš u mašinu za sušenje veša jer nije dobro na sebi imati mokru odeću da ne bi došlo do hipotermije.	možeš da ga staviš u mašinu za pranje veša jer nije dobro na sebi imati mokru odeću da ne bi došlo do hipotermije.	0	srp_latn	0	If your sweater is wet from the rain, you can put it in the clothes dryer because it is not good to have wet clothes on yourself, so that hypothermia does not occur.	If your sweater is wet from the rain, you can put it in the washing machine because it's not good to wear wet clothes so that you don't get hypothermia.	0	group0022_ex000340_srp_latn_0	
Često nosim termos kada putujem sa porodicom tokom odmora	jer leti imamo hladno piće dok zimi zadržava toplotu što je baš ono što nam treba kada pravimo pauze od puta.	jer leti imamo hladno jelo dok zimi zadržava toplotu što je baš ono što nam treba kada pravimo pauze od puta.	0	srp_latn	0	I often bring a thermos when I travel with my family during vacation because in the summer we have a cold drink, while in the winter it retains heat, which is exactly what we need when we take breaks from the road.	I often carry a thermos when I travel with my family during vacation because in the summer we have a cold meal, while in the winter it retains heat, which is just what we need when we take breaks from the road.	0	group0022_ex000307_srp_latn_0	
Kada treba da zapališ sveće iz bilo kog razloga	jako je bitno obezbediti da vosak pada na bezbednu površinu i da se sveća blagovremeno zapali.	jako je bitno obezbediti da vosak pada na bezbednu površinu i da se sveća blagovremeno ugasi.	1	srp_latn	0	When you need to light candles for any reason, it is very important to ensure that the wax falls on a safe surface and that the candle is lit in a timely manner.	When you need to light candles for any reason, it is very important to ensure that the wax falls on a safe surface and that the candle is extinguished in a timely manner.	0	group0022_ex000213_srp_latn_0	
Prilikom kupovine ormara, važno je izabrati odgovarajuću veličinu da bi stale sve stvari ali uzeti u obzir i kako bi se određeni model uklopio u enterijer sobe.	Sada su postali popularni oni sa vratima koja se klizaju u stranu jer su elegantniji.	Sada su postali popularni oni sa vratima koja se migolje u stranu jer su elegantniji.	0	srp_latn	0	When buying a wardrobe, it is important to choose the right size so that all your things can fit, but also to take into account how a certain model would fit into the room's interior. The ones with sliding doors have now become popular because they are more elegant.	When buying a wardrobe, it is important to choose the right size to fit all your things, but also to consider how a certain model would fit into the room's interior. The ones with doors that slide to the side have now become popular because they are more elegant.	0	group0022_ex000317_srp_latn_0	
blender	mora biti zatvoren pre korišćenja.	mora biti otvoren pre korišćenja.	0	srp_latn	0	The blender must be closed before use.	The blender must be open before use.	0	group0022_ex000329_srp_latn_0	
Svakako da ima efikasnijih načina za pecanje ribe ali svi pravi ljubitelji ribolova znaju da je najbolji način koristiti pecaljku za to.	Jer pruža više uživanja iako može uhvatiti manje ribe od mreže.	Jer pruža više uživanja iako može zahvatiti manje ribe od mreže.	0	srp_latn	0	Certainly, there are more efficient ways to catch fish, but all true fishing enthusiasts know that the best way is to use a fishing rod for it. Because it provides more enjoyment, even though it might catch fewer fish than a net.	Certainly there are more efficient ways to catch fish, but all true fishing enthusiasts know that the best way is to use a fishing rod. Because it provides more enjoyment, even though it may catch fewer fish than a net.	0	group0022_ex000250_srp_latn_0	
Hteo sam napraviti akvarijum da bih mogao da čuvam ribice kod kuće	pa je bilo potrebno dosta vremena da nađem staklo odgovarajuće tvrdoće i da prikupim ostali materijal.	pa je bilo potrebno dosta vremena da nađem staklo odgovarajuće labavosti i da prikupim ostali materijal.	0	srp_latn	0	I wanted to make an aquarium so that I could keep fish at home, so it took a lot of time to find glass of the appropriate hardness and to gather the other materials.	I wanted to make an aquarium so I could keep fish at home, so it took a lot of time to find glass of the right thickness and to gather the other materials.	0	group0022_ex000275_srp_latn_0	
Na odmoru sam kao uspomenu kupio jako lep magnet za frižider	ali sam ga na žalost poklonio negde pre nego što sam se vratio kući.	ali sam ga na žalost izgubio negde pre nego što sam se vratio kući.	1	srp_latn	0	On vacation I bought a very nice fridge magnet as a souvenir, but unfortunately I gave it away somewhere before I got home.	On vacation, I bought a very nice refrigerator magnet as a souvenir, but unfortunately, I lost it somewhere before I got home.	0	group0022_ex000342_srp_latn_0	
Kišobran je sprava koja služi za zaštitu od kiše, snega ali i direktnih sunčevih zraka. Sastoji se od metlne drške, platna i žica koje to platno drže u pravilnom obliku. Smatra se da je kišobran dosta stari izum, verovatno sa teritorije Azije mada se pretpostavlja da su ga smislili i drugi narodi širom sveta. Postoje sklopivi i oni koji to nisi sa tom naznakom da su oni koji mogu da se rasklope i sklope obično mehanički kompleksniji jer delovi moraju biti pokretni sa dodatnim mehanizmom za sklapanje.	Male verzije kišobrana nekada stavljaju u pića kao dekoraciju.	Male verzije kišobrana nekada stavljaju u jela kao dekoraciju.	0	srp_latn	0	An umbrella is a device used for protection from rain, snow, but also from direct sunlight. It consists of a metal handle, a canopy, and wires that hold the canopy in its proper shape. The umbrella is considered to be a very old invention, probably from the territory of Asia, although it is assumed that other peoples around the world also devised it. There are foldable and non-foldable ones, with the note that those which can be opened and closed are usually more mechanically complex because the parts must be movable with an additional folding mechanism. Small versions of umbrellas are sometimes put in drinks as a decoration.	An umbrella is a device used for protection from rain and snow, as well as direct sunlight. It consists of a metal shaft, a canopy, and ribs that hold the canopy in its proper shape. The umbrella is considered to be a rather old invention, probably from the territory of Asia, although it is assumed that other peoples around the world also devised it. There are collapsible and non-collapsible ones, with the note that those that can be opened and closed are usually mechanically more complex because the parts must be movable with an additional folding mechanism. Small versions of umbrellas are sometimes placed in dishes as a decoration.	0	group0022_ex000299_srp_latn_0	
Pre nego što pošalješ svoju pošiljku preko pošte	nije loše sam obezbediti meko pakovanje da bi se zaštitio sadržaj jer ne možeš biti siguran da će pošata uvek imati odgovarajuće koverte.	nije loše sam obezbediti dobro pakovanje da bi se zaštitio sadržaj jer ne možeš biti siguran da će pošata uvek imati odgovarajuće koverte.	1	srp_latn	0	Before you send your shipment via the post office, it's not a bad idea to provide soft packaging yourself in order to protect the contents, because you can't be sure that the post office will always have appropriate envelopes.	Before you send your package via the post office, it's not a bad idea to provide good packaging yourself to protect the contents because you can't be sure that the post office will always have suitable envelopes.	0	group0022_ex000345_srp_latn_0	
Kada ti se istroši drvena olovka ili drvena boja	treba je razvezati kvalitetnim zarezivačem koji neće oštetiti minicu olovke niti njen omotač dok će u isto vreme lepo naoštriti olovku.	treba je zarezati kvalitetnim zarezivačem koji neće oštetiti minicu olovke niti njen omotač dok će u isto vreme lepo naoštriti olovku.	1	srp_latn	0	When your wooden pencil or colored pencil wears down, it should be sharpened with a quality sharpener that will not damage the pencil's lead or its casing, while at the same time sharpening the pencil nicely.	When your wooden pencil or colored pencil gets worn down, you need to sharpen it with a quality sharpener that will not damage the pencil's lead or its casing, while at the same time sharpening the pencil nicely.	0	group0022_ex000223_srp_latn_0	
Kada imate dosta knjiga, dobro je investirati u kvalitetne police jer će olakšati organizaciju tako da uvek znate gde vam stoji koja knjiga i da ih generalno možete organizovani kako želite, bilo po žanrovima, veličini, azbučnom redosledu ili već nekom ostalom kriterijumu.	Prvo je potrebno odlučiti kakvu policu želite, da li zidnu ili onu koja će stajati na stolu, zatim odrediti odgovarajuće dimenzije i na kraju razmisliti da li želite da kupite neku već postojeću ili da naručite policu po svojoj meri.	Prvo je potrebno odlučiti kakvu policu želite, da li zidnu ili onu koja će stajati na podu, zatim odrediti odgovarajuće dimenzije i na kraju razmisliti da li želite da kupite neku već postojeću ili da naručite policu po svojoj meri.	1	srp_latn	0	When you have a lot of books, it's a good idea to invest in quality shelves because they will facilitate organization, so you always know where each book is and can generally organize them however you want, whether by genre, size, alphabetical order, or some other criterion. First, you need to decide what kind of shelf you want, whether a wall-mounted one or one that will stand on a desk, then determine the appropriate dimensions, and finally, consider whether you want to buy a pre-existing one or order a custom-made shelf.	When you have a lot of books, it is good to invest in quality shelves because it will make organization easier so that you always know where each book is and can generally organize them as you wish, whether by genre, size, alphabetical order, or some other criterion. First, you need to decide what kind of shelf you want, whether it's a wall-mounted one or one that will stand on the floor, then determine the appropriate dimensions, and finally, consider whether you want to buy an existing one or order a custom-made shelf.	0	group0022_ex000252_srp_latn_0	
Prilikom upotrebe motorne testere za sečenje drveta	treba obratiti pažnju da li je motor ispravan, lanac podmazan i zategnut kao i da u blizini nema nekog koga bi drvo moglo da povredi.	treba obratiti pažnju da li je motor ispravan, lanac podmazan i zategnut kao i da u blizini nema nekog koga bi drvo trebalo da povredi.	0	srp_latn	0	When using a chainsaw for cutting wood, you should pay attention to whether the motor is working correctly, the chain is lubricated and tightened, and that there is no one nearby who could be injured by the wood.	When using a chainsaw for cutting wood, one should pay attention to whether the engine is in good working order, the chain is lubricated and tightened, and that there is no one nearby who could be injured by the wood.	0	group0022_ex000214_srp_latn_0	
šator	treba dobro pričvrstiti da se ne bi odmarao ili raspao	treba dobro pričvrstiti da se ne bi pomerao ili raspao	1	srp_latn	0	The tent should be well secured so that it doesn't come loose or fall apart.	The tent needs to be secured well so it doesn't move or fall apart.	0	group0022_ex000244_srp_latn_0	
Znam da kod kuće imam baterijsku lampu	ali sam sinoć shvatio da su joj ispucale baterije pa nisam mogao da je koristim iako mi je bila potrebna.	ali sam sinoć shvatio da su joj se ispraznile baterije pa nisam mogao da je koristim iako mi je bila potrebna.	1	srp_latn	0	I know that I have a flashlight at home, but last night I realized that its batteries were dead so I couldn't use it even though I needed it.	I know I have a flashlight at home but last night I realized its batteries were dead so I couldn't use it even though I needed it.	0	group0022_ex000228_srp_latn_0	
Kada praviš kolače kod kuće obično pored brašna, jaja i mleka	moraš dodati šećer da bi bili zapravo dobrog ukusa kakvog kolači ponekad budu.	moraš dodati šećer da bi bili zapravo dobrog ukusa kakvog kolači moraju da budu.	1	srp_latn	0	When you make cakes at home, besides flour, eggs, and milk, you usually have to add sugar so they actually have the good taste that cakes sometimes have.	When you make cakes at home, besides flour, eggs, and milk, you usually have to add sugar so they actually have the good taste that cakes are supposed to have.	0	group0022_ex000319_srp_latn_0	
Kada ti se polome stare slušalice	možda je bolje da pokušaš da ih zalepiš pre nego što kupiš nove mada sve zavisi od toga šta se slomilo.	možda je bolje da pokušaš da ih zameniš pre nego što kupiš nove mada sve zavisi od toga šta se slomilo.	0	srp_latn	0	When your old headphones break, maybe it's better to try to glue them back together before you buy new ones, although it all depends on what broke.	When your old headphones break, maybe it's better to try to replace them before you buy new ones, although it all depends on what broke.	0	group0022_ex000261_srp_latn_0	
Jedan od jednostavnijih načina da se rashladiš leti jeste bazen na naduvavanje jer obično nisu previše skupi i mogu se koristiti svake sezone. Naravno, ne pružaju užitak kao pravi bazeni ali su idealni za decu ali i celu porodicu ako ima odgovarajuće dimenzije.	Svakako, za maksimalni užitak dobro je da imate ravan deo dvorišta da bi sve lepo naleglo kao i da blizu njega ne budu nikakvi oštri predmeti koji bi mogli da ga izduvaju.	Svakako, za maksimalni užitak dobro je da imate ravan deo dvorišta da bi sve lepo naleglo kao i da blizu njega ne budu nikakvi oštri predmeti koji bi mogli da ga izbuše.	1	srp_latn	0	One of the simpler ways to cool off in the summer is an inflatable pool because they are usually not too expensive and can be used every season. Of course, they don't provide the same enjoyment as real pools, but they are ideal for children and the whole family if it has the appropriate dimensions. Certainly, for maximum enjoyment, it is good to have a flat part of the yard so that everything sits nicely, and that there are no sharp objects near it that could deflate it.	One of the simpler ways to cool down in the summer is an inflatable pool because they are usually not too expensive and can be used every season. Of course, they don't provide the same enjoyment as real pools, but they are ideal for children and the whole family if it has the appropriate dimensions. For maximum enjoyment, it is certainly good to have a flat part of the yard so that everything sits nicely, and to ensure there are no sharp objects nearby that could puncture it.	0	group0022_ex000248_srp_latn_0	
Prilikom odlaska na alpinistički uspon, sigurnost je najbitnija zato je potreban kvalitetan konopac.	Koji se neće pokidati ni oštetiti opremu kada se koristi za penjanje ili vuču.	Koji se neće iskriviti ni oštetiti opremu kada se koristi za penjanje ili vuču.	0	srp_latn	0	When going on an alpine climb, safety is paramount, which is why a high-quality rope is needed. One that will not break or damage the equipment when used for climbing or hauling.	When going on an alpine ascent, safety is the most important, which is why a quality rope is needed. One that will not twist or damage the equipment when used for climbing or hauling.	0	group0022_ex000226_srp_latn_0	
Pravio sam sok od pomorandže, pa sam uzeo cediljku	kako bih lepo iscedio sok i da bih dobio finiji miris i osećaj u ustima jer mi smeta pulpa.	kako bih lepo iscedio sok i da bih dobio finiji ukus i osećaj u ustima jer mi smeta pulpa.	1	srp_latn	0	I was making orange juice, so I took a strainer to strain the juice well and to get a finer aroma and mouthfeel because the pulp bothers me.	I was making orange juice, so I took a strainer to strain the juice well and to get a finer taste and mouthfeel because the pulp bothers me.	0	group0022_ex000202_srp_latn_0	
Danas sam ofarbao klupu koju imam u dvorištu	pa je bilo malo problema otvoriti farbu.	pa je bilo malo problema rastvoriti farbu.	0	srp_latn	0	Today I painted the bench I have in the yard, and there was a bit of a problem opening the paint.	Today I painted the bench I have in the yard, so there was a little problem dissolving the paint.	0	group0022_ex000305_srp_latn_0	
Kupio sam gitaru da bih krenuo da učim da sviram svoje omiljene pesme.	Jedini problem je što sam kupio oivičene žice pa sam morao da ih menjam.	Jedini problem je što sam kupio pogrešne žice pa sam morao da ih menjam.	1	srp_latn	0	I bought a guitar to start learning to play my favorite songs. The only problem is that I bought coated strings, so I had to change them.	I bought a guitar so I could start learning to play my favorite songs. The only problem is that I bought the wrong strings, so I had to change them.	0	group0022_ex000265_srp_latn_0	
Kada ploviš gumenim čamcem po reci	moraš da paziš da se ne probuši o neki oštar kamen ili slično jer može biti problem da napustiš čamac ako je jaka struja.	moraš da paziš da se ne odbije o neki oštar kamen ili slično jer može biti problem da napustiš čamac ako je jaka struja.	0	srp_latn	0	When you are sailing in an inflatable boat on a river, you have to be careful that it doesn't get punctured by a sharp rock or something similar, because it can be a problem to leave the boat if the current is strong.	When you are navigating a rubber boat on a river, you have to be careful that it doesn't bounce off a sharp rock or something similar, because it can be a problem to leave the boat if the current is strong.	0	group0022_ex000259_srp_latn_0	
lonac	ostaje i dalje sastavni deo svake prave kuhinje jer zbog njegove siline, možeš spremati jela i kada imaš puno gostiju.	ostaje i dalje sastavni deo svake prave kuhinje jer zbog njegove veličine, možeš spremati jela i kada imaš puno gostiju.	1	srp_latn	0	the pot still remains an integral part of every proper kitchen because, due to its size, you can prepare meals even when you have a lot of guests.	The pot still remains an integral part of every real kitchen because, due to its size, you can prepare meals even when you have a lot of guests.	0	group0022_ex000263_srp_latn_0	
Kada smo obilazili jedan dvorac koji je sada muzej, kustos nam je držao jako zanimljivu turu sa puno detalja kako o istoriji dvorca tako i o ljudima koji su tu živeli ili ga posećivali, jedan od zanimljivih detalja je da je posluga u svom sastavu imala osobe koje su bile zaduženje samo za stolnjake.	Neko ih je samo šio, neko samo prao, neko krojio a neko treći samo ukrašavao.	Neko ih je samo šio, neko samo prao, neko krojio a neko treći samo umršavao.	0	srp_latn	0	When we were visiting a castle which is now a museum, the curator gave us a very interesting tour with a lot of details about both the history of the castle and the people who lived there or visited it. One of the interesting details is that the staff included people who were in charge only of tablecloths. Someone only sewed them, someone only washed them, someone tailored them, and someone else only decorated them.	When we were touring a castle that is now a museum, the curator gave us a very interesting tour with a lot of details, both about the history of the castle and about the people who lived there or visited it. One of the interesting details was that the staff included people who were in charge only of tablecloths. Someone just sewed them, someone just washed them, someone tailored them, and yet another just hemmed them.	0	group0022_ex000258_srp_latn_0	
Ako ti lopta izleti na ulicu nemoj trčati odmah za njom.	Pre nego što odeš da je ostaviš pažljivo pogledaj da li nema nekih automobila na ulici.	Pre nego što odeš da je pokupiš pažljivo pogledaj da li nema nekih automobila na ulici.	1	srp_latn	0	If your ball goes out into the street, don't run after it right away. Before you go to get it, look carefully to see if there are any cars on the street.	If your ball goes out into the street, don't run after it right away. Before you go to pick it up, look carefully to see if there are any cars on the street.	0	group0022_ex000239_srp_latn_0	
Kao detetu, jedna od najstrašnijih epizoda, bilo je kada sam slučajno slomio ključ u bravi od ulaznih vrata kuće tako da je onaj glavni deo ostao zarobljen u ključaonici.	Sećam se da su roditelji vikali na mene jer su po lošem vremenu morali da nađu majstora koji bi došao da odnese ceo mehanizam, nakon toga se više nisam igrao u hodniku.	Sećam se da su roditelji vikali na mene jer su po lošem vremenu morali da nađu majstora koji bi došao da popravi ceo mehanizam, nakon toga se više nisam igrao u hodniku.	1	srp_latn	0	As a child, one of the scariest episodes was when I accidentally broke the key in the front door lock of the house, so that the main part remained trapped in the keyhole. I remember my parents yelling at me because they had to find a repairman in bad weather to come and take away the entire mechanism; after that, I no longer played in the hallway.	As a child, one of the scariest episodes was when I accidentally broke the key in the front door lock, so that the main part of it remained trapped in the keyhole. I remember my parents yelling at me because they had to find a handyman in bad weather to come and fix the whole mechanism; after that, I didn't play in the hallway anymore.	0	group0022_ex000326_srp_latn_0	
Tokom zimskog i promenljivog perioda godine, često se dešava da se smrznemo i prehladimo	tada je dobra ideja da iskopate sebi rupu da se ugrejete.	tada je dobra ideja da skuvate sebi supu da se ugrejete.	1	srp_latn	0	During the winter and changeable period of the year, it often happens that we get frozen and catch a cold, then it is a good idea to dig yourself a hole to warm up.	During the winter and changeable period of the year, it often happens that we get cold and catch a cold, and then it is a good idea to cook yourself a soup to warm up.	0	group0022_ex000347_srp_latn_0	
Ako želiš da koristiš teleskop da bi posmatrao zvezde	Treba obezbediti da bude na ravnoj i čvrstoj podlozi sa zatamljenim objektivom i da ima što manje drugih izvora svetla oko tebe	Treba obezbediti da bude na ravnoj i čvrstoj podlozi sa čistim objektivom i da ima što manje drugih izvora svetla oko tebe	1	srp_latn	0	If you want to use a telescope to observe the stars, you should ensure it is on a flat and sturdy surface with a dimmed lens and that there are as few other sources of light around you as possible.	If you want to use a telescope to observe the stars, you should ensure that it is on a flat and sturdy surface with a clean lens and that there are as few other light sources around you as possible.	0	group0022_ex000321_srp_latn_0	
Maska za ronjenje može biti korisna i u kuhinji a ne samo na moru	Ii razloga što štiti nos i oči kada sečeš beli luk pa nećeš plakati.	iz razloga što zatvara nos i oči kada sečeš beli luk pa nećeš plakati.	0	srp_latn	0	A diving mask can be useful in the kitchen too, and not just at the sea, because it protects your nose and eyes when you're chopping garlic, so you won't cry.	A diving mask can be useful in the kitchen and not just at the sea, because it covers your nose and eyes when you're cutting garlic so you won't cry.	0	group0022_ex000247_srp_latn_0	
Usisivač ne radi jer je kesa puna	isprazni kesu.	izbaci kesu.	0	srp_latn	0	The vacuum cleaner isn't working because the bag is full empty the bag.	The vacuum cleaner isn't working because the bag is full, throw out the bag.	0	group0022_ex000240_srp_latn_0	
Ukoliko ti se prospe kafa na tepih	bolje je odmah obrisati da ne bi ostala fleka i da ne bi morao da nosiš tepih na dubinsko pranje.	bolje je odmah obrisati da ne bi ostala rupa i da ne bi morao da nosiš tepih na dubinsko pranje.	0	srp_latn	0	If you spill coffee on the carpet it's better to wipe it up immediately so it doesn't leave a stain and so you don't have to take the carpet for a deep cleaning.	If you spill coffee on the carpet, it's better to wipe it up immediately so it doesn't leave a stain and you don't have to take the carpet for a deep cleaning.	0	group0022_ex000291_srp_latn_0	
Prilikom dizanja tegova u teretani često se mogu desiti povrede	moraš paziti da ti ne ispadnu jer su tvrdi i da ti leđa budu prava tokom dizanja.	moraš paziti da ti ne ispadnu jer su teški i da ti leđa budu prava tokom dizanja.	1	srp_latn	0	When lifting weights in the gym, injuries can often happen; you have to be careful that you don't drop them because they are hard and that your back is straight during the lift.	When lifting weights in the gym, injuries can often happen; you must be careful that you don't drop them because they are heavy and that your back is straight during the lift.	0	group0022_ex000269_srp_latn_0	
Nakon što sam odlučio da prekinem sa pušenjem	odličio sam da zadržim upaljač jer sam ga ukrao na poklon a može poslužiti i za druge stvari.	odličio sam da zadržim upaljač jer sam ga dobio na poklon a može poslužiti i za druge stvari.	1	srp_latn	0	After I decided to quit smoking, I decided to keep the lighter because I stole it as a gift, and it can be used for other things too.	After I decided to quit smoking, I decided to keep the lighter because I got it as a gift and it can be used for other things.	0	group0022_ex000290_srp_latn_0	
Da bi hleb ostao duže svež, preporučljivo je	da ga ostaviš u nekoj kesi koja nije izbušena jer vazduh isušuje hleb i može brže da se pokvari.	da ga ostaviš u nekoj kesi koja nije izbušena jer vazduh naduvava hleb i može brže da se pokvari.	0	srp_latn	0	To keep bread fresh for longer, it is recommended to leave it in a bag that is not punctured, because air dries out the bread and it can spoil faster.	To keep bread fresh longer, it is recommended to leave it in a bag that is not punctured because the air puffs up the bread and it can spoil faster.	0	group0022_ex000216_srp_latn_0	
Čišćenje rerne može biti dosta naporan posao jer je neke delove i uglove teško dohvatiti, svakako to je posao koji treba da se uradi povremeno. Najbolje je koristiti prirodne sastojke za čišćenje stvari u kući, naročito onih koji služe za pripremu hrane.	Tako da možete da iskoristite sodu bikarbonu i limun za čišćenje prljavština u rerni samo budite sigurni da je rerna potpuno stabilna i da se ništa ne nalazi u njoj pre nego što krenete na zadatak.	Tako da možete da iskoristite sodu bikarbonu i limun za čišćenje prljavština u rerni samo budite sigurni da je rerna potpuno hladna i da se ništa ne nalazi u njoj pre nego što krenete na zadatak.	1	srp_latn	0	Cleaning the oven can be quite a tedious job because some parts and corners are hard to reach; in any case, it is a job that needs to be done occasionally. It is best to use natural ingredients for cleaning things in the house, especially those used for preparing food. So you can use baking soda and lemon to clean the dirt in the oven, just be sure that the oven is completely stable and that there is nothing in it before you start the task.	Cleaning the oven can be quite a tedious job because some parts and corners are hard to reach; in any case, it is a job that needs to be done occasionally. It is best to use natural ingredients for cleaning things in the house, especially those used for preparing food. So you can use baking soda and lemon to clean the dirt in the oven, just be sure that the oven is completely cold and that there is nothing in it before you start the task.	0	group0022_ex000230_srp_latn_0	
Ako ti se kojim slučajem zapuši šolja u veceu	najjeftiniji i najlakši način da je otpušiš jeste da koristiš vakuum gumu tako što je samo gurneš lagano u rupu i onda izvadiš.	najjeftiniji i najlakši način da je otpušiš jeste da koristiš vakuum gumu tako što je samo gurneš lagano u rupu i onda ostaviš.	0	srp_latn	0	If by any chance the toilet bowl in the WC gets clogged, the cheapest and easiest way to unclog it is to use a plunger by just pushing it gently into the hole and then pulling it out.	If by any chance your toilet bowl gets clogged, the cheapest and easiest way to unclog it is to use a *vakuum guma* by just pushing it lightly into the hole and then leaving it.	0	group0022_ex000231_srp_latn_0	
Ako ti se ošteti šraf i ne možeš da ga odviješ,	možeš pokušati da ga odviješ kleštima jer njima možeš lakše da biraš ugao i poziciju.	možeš pokušati da ga polomiš kleštima jer njima možeš lakše da biraš ugao i poziciju.	0	srp_latn	0	If your screw gets stripped and you can't unscrew it, you can try to unscrew it with pliers because with them you can more easily choose the angle and position.	If your screw gets stripped and you can't unscrew it, you can try to break it with pliers because with them you can more easily choose the angle and position.	0	group0022_ex000212_srp_latn_0	
Ukoliko ti se čokolada istopi leti dok je nosiš od prodavnice do kuće	možeš je rastegnuti tako što ćeš je ostaviti u frižideru na par sati.	možeš je stegnuti tako što ćeš je ostaviti u frižideru na par sati.	1	srp_latn	0	If your chocolate melts in the summer while you are carrying it from the store to your home, you can fix it by leaving it in the refrigerator for a couple of hours.	If your chocolate melts in the summer while you are carrying it from the store to your home, you can harden it by leaving it in the refrigerator for a couple of hours.	0	group0022_ex000270_srp_latn_0	
Prilikom pranja prozora upornost je najbitnija.	Zbog toga treba koristiti meku krpu koja neće ostavljati tragove niti oštetiti prozore jer nema ništa gore od zamrljanih prozora.	Zbog toga treba koristiti oštru krpu koja neće ostavljati tragove niti oštetiti prozore jer nema ništa gore od zamrljanih prozora.	0	srp_latn	0	When washing windows, persistence is the most important thing. For that reason, you should use a soft cloth that will not leave streaks or damage the windows, because there is nothing worse than smudged windows.	When washing windows, persistence is most important. Therefore, you should use a coarse cloth that will not leave streaks or damage the windows because there is nothing worse than smudged windows.	0	group0022_ex000308_srp_latn_0	
Jak vetar mi je danas oduvao šešir sa glave,	i pošto je vrlo lagan nisam mogao da ga stignem i uhvatim jer je već otišao daleko i pao u reku.	i pošto je vrlo nezgrapan nisam mogao da ga stignem i uhvatim jer je već otišao daleko i pao u reku.	0	srp_latn	0	A strong wind blew my hat off my head today, and since it is very light I couldn't catch up to it and grab it because it had already gone far and fallen into the river.	A strong wind blew my hat off my head today, and since it is very clumsy I couldn't catch up to it and grab it because it had already gone far and fallen into the river.	0	group0022_ex000210_srp_latn_0	
Kante za zalivanje su sastavni deo baštenske opreme jer su dosta praktične i dolaze u različitim zapreminama ali se takođe prave od različitih materijala i mogu imati neke dodatke poput poklopca ili rešetke koja se stavi na kraju odvoda da bi dale efekat tuširanja koje neke biljke više vole od klasičnog zalivanja uz samo dno stabljike.	Zahvaljujući svemu što znamo danas, metalne kante su bolje od plastičnih jer ne ispuštaju mikroplastiku u zemlju i mogu se lakše popraviti ako se probuše.	Zahvaljujući svemu što znamo danas, metalne kante su bolje od plastičnih jer ne dobijau mikroplastiku iz zemlje i mogu se lakše popraviti ako se probuše.	0	srp_latn	0	Watering cans are an integral part of garden equipment because they are quite practical and come in different volumes, but they are also made from different materials and can have some accessories like a lid or a rose that is placed at the end of the spout to create a showering effect, which some plants prefer over classic watering at the very bottom of the stem. Thanks to everything we know today, metal cans are better than plastic ones because they do not release microplastics into the soil and can be more easily repaired if they get punctured.	Watering cans are an integral part of garden equipment because they are quite practical and come in different volumes, but they are also made from different materials and can have some accessories like a lid or a rose that is placed at the end of the spout to give a showering effect, which some plants prefer over classic watering at the very bottom of the stem. Thanks to everything we know today, metal cans are better than plastic ones because they do not get microplastics from the soil and can be more easily repaired if they get punctured.	0	group0022_ex000293_srp_latn_0	
Kada ides na proteste, može biti od koristi da poneseš pištaljku kojom bi pravio buku	jer je jeftina i mala pa bi bukom mogao da skreneš pažnju drugih da ti se pridruže.	jer je jeftina i glasna pa bi bukom mogao da skreneš pažnju drugih da ti se pridruže.	1	srp_latn	0	When you go to protests, it can be useful to bring a whistle with which you would make noise because it is cheap and small, so with the noise you could draw the attention of others to join you.	When you go to protests, it can be useful to bring a whistle to make noise with because it is cheap and loud, so with the noise you could draw the attention of others to join you.	0	group0022_ex000303_srp_latn_0	
Svi pravi sladokusci znaju da je svaka torta bolja ako ima šlaga preko nje, na sreću danas je lako napraviti šlag pošto već možete kupiti smesu za šlag gotovo u svakoj prodavnici, ono što je potrebno da uradite jeste samo da pratite uputstva sa kesice i pripremite svoj mikser da bi tekstura bila što bolja.	Lopatice za mikser moraju biti dovoljno široke da mogu da lepo umute smesu i polako povećavajte brzinu	Lopatice za mikser moraju biti dovoljno oštre da mogu da lepo umute smesu i polako povećavajte brzinu	0	srp_latn	0	All true connoisseurs know that every cake is better if it has whipped cream on top of it, luckily today it is easy to make whipped cream since you can buy a mix for it in almost any store, what you need to do is just follow the instructions from the packet and prepare your mixer so that the texture is as good as possible. The mixer beaters must be wide enough to whip the mixture well and you should slowly increase the speed.	All true gourmands know that every cake is better if it has whipped cream on top of it, luckily today it is easy to make whipped cream since you can buy a mix for it in almost any store, what you need to do is just follow the instructions from the packet and prepare your mixer so that the texture is as good as possible. The mixer blades must be sharp enough to be able to whip the mixture well and slowly increase the speed.	0	group0022_ex000201_srp_latn_0	
Bicikl je jako dobro i pre svega ekološko prevozno sredstvo.	Na žalost, ne mogu ga jako voziti u svom gradu jer nema mnogo biciklističkih staza.	Na žalost, ne mogu ga puno voziti u svom gradu jer nema mnogo biciklističkih staza.	1	srp_latn	0	A bicycle is a very good and, above all, environmentally friendly means of transportation. Unfortunately, I can't ride it much in my city because there aren't many bike lanes.	A bicycle is a very good and, above all, an environmentally friendly means of transportation. Unfortunately, I can't ride it much in my city because there aren't many bicycle lanes.	0	group0022_ex000336_srp_latn_0	
Taman kada sam trebao da održim svoj govor pokvario se jedini mikrofon.	Srećna stvar je što smo ubrzo našli novi i ispravan pa kašnjenje nije bilo dugo.	Srećna stvar je što smo ubrzo našli novi i ispravan pa stajanje nije bilo dugo.	0	srp_latn	0	Just when I was about to give my speech, the only microphone broke. The lucky thing is that we soon found a new and working one, so the delay wasn't long.	Just when I was about to give my speech, the only microphone broke. The lucky thing is that we soon found a new and working one, so the wait was not long.	0	group0022_ex000206_srp_latn_0	
Mačka se zaglavila na krovu i tu ostala satima.	Da bi mogli da je spustimo potrebne su nam velike merdevine da bi se bezbedno popeli i uhvatili je.	Da bi mogli da je spustimo potrebne su nam duge merdevine da bi se bezbedno popeli i uhvatili je.	1	srp_latn	0	The cat got stuck on the roof and stayed there for hours. In order to get it down, we need a big ladder to safely climb up and catch it.	The cat got stuck on the roof and stayed there for hours. To be able to get it down, we need a long ladder to safely climb up and get it.	0	group0022_ex000215_srp_latn_0	
Dok sam ručao, zbog trenutka nepažnje, jer mi sam u isto vreme pričao sa prijateljima ispala mi je kašika na pod.	Morao sam odmah uzeti novu i čistu.	Morao sam odmah uzeti novu i lepu.	0	srp_latn	0	While I was having lunch, due to a moment of inattention, because I was talking with friends at the same time, I dropped my spoon on the floor. I had to immediately get a new, clean one.	While I was having lunch, because of a moment of inattention, as I was talking with friends at the same time, my spoon fell on the floor. I had to immediately get a new and nice one.	0	group0022_ex000260_srp_latn_0	
Kuhinjska vaga je od velike koristi početnicima u kuhinji gde mogu da precizno mere sastojke pre nego što steknu osećaj za kuvanje i teksturu.	Iako već dugo kuvam, i dalje volim da proverim tačnu veličinu sastojaka pre nego što krenem sa pripremom.	Iako već dugo kuvam, i dalje volim da proverim tačnu količinu sastojaka pre nego što krenem sa pripremom.	1	srp_latn	0	A kitchen scale is of great use to beginners in the kitchen, allowing them to precisely measure ingredients before they get a feel for cooking and texture. Even though I have been cooking for a long time, I still like to check the exact measurement of ingredients before I start preparing.	A kitchen scale is of great use to beginners in the kitchen, as they can precisely measure ingredients before they get a feel for cooking and texture. Although I have been cooking for a long time, I still like to check the exact amount of ingredients before I start the preparation.	0	group0022_ex000264_srp_latn_0	
Da bi napravio žabice u vodi, potrebna ti je dobra tehnika bacanja ali i odgovarajući kamen, poželjno je da je što obliji i tanji, da podseća na disk.	Iako nikada nisam uspeo da uradim to kako treba, intrigira me činjenica da sam ja verovatno poslednja osoba koja je olizala taj kamen pre nego što je završio u reci možda zauvek.	Iako nikada nisam uspeo da uradim to kako treba, intrigira me činjenica da sam ja verovatno poslednja osoba koja je dotakla taj kamen pre nego što je završio u reci možda zauvek.	1	srp_latn	0	To skip stones on water, you need a good throwing technique but also a suitable stone, preferably as smooth and thin as possible, resembling a disc. Although I have never managed to do it properly, I am intrigued by the fact that I was probably the last person to lick that stone before it ended up in the river, perhaps forever.	To make stones skip on water, you need a good throwing technique but also a suitable stone; it's desirable for it to be as round and thin as possible, resembling a disc. Although I've never managed to do it properly, I'm intrigued by the fact that I was probably the last person to touch that stone before it ended up in the river, perhaps forever.	0	group0022_ex000294_srp_latn_0	
Kožni lekar mi je preporučio novu kremu za ruke jer mi ruke često budu suve onda mi ispuca koža i krene da me boli, zaista se nadam da će mi ovo pomoći jer već par godina imam problem i ništa što sam pokušala mi jednostavno ne pomaže, kao da sam osuđena na to da imam ispucalu kožu.	Po uputstvu, potrebno je da tri puta dnevno prvo nanesem kremu na ispucalu kožu i da zatim nežnim i kružnim pokretima utrljavam kremu sve dok polako upija i da u toku dana ne kvasim ruke više nego što je neophodno.	Po uputstvu, potrebno je da tri puta dnevno prvo odnesem kremu na ispucalu kožu i da zatim nežnim i kružnim pokretima utrljavam kremu sve dok polako upija i da u toku dana ne kvasim ruke više nego što je neophodno.	0	srp_latn	0	The dermatologist recommended a new hand cream to me because my hands often get dry, then my skin cracks and starts to hurt. I really hope this will help because I've had this problem for a few years now and nothing I've tried simply helps, it's as if I'm doomed to have cracked skin. According to the instructions, it is necessary to first apply the cream to the cracked skin three times a day and then rub the cream in with gentle, circular motions until it is slowly absorbed, and not to wet my hands more than necessary during the day.	My dermatologist recommended a new hand cream because my hands often get dry, then my skin cracks and starts to hurt. I really hope this will help me because I've had this problem for a few years now and nothing I've tried simply helps, it's as if I'm doomed to have cracked skin. According to the instructions, it is necessary to first apply the cream to the cracked skin three times a day and then rub the cream in with gentle, circular motions until it is slowly absorbed, and not to wet my hands more than necessary during the day.	0	group0022_ex000315_srp_latn_0	
Kada organizuješ svoje dokumente, od pomoći ti mogu biti fascikle.	Da odrediš papire po njihovom tipu po različitim bojama tako da svi slični dokumenti budu na jednom mesu.	Da rasporediš papire po njihovom tipu po različitim bojama tako da svi slični dokumenti budu na jednom mestu.	1	srp_latn	0	When organizing your documents, folders can be helpful. To sort the papers by their type by different colors so that all similar documents are in one place.	When you organize your documents, folders can be helpful. To sort the papers by their type into different colors so that all similar documents are in one place.	0	group0022_ex000310_srp_latn_0	
Kada ti alarm zvoni ujutru	možeš ga odložiti ako želiš da spavaš još malo ili isključiti i ustati kako bi počeo novi dan bez da zakasniš.	možeš ga baciti ako želiš da spavaš još malo ili isključiti i ustati kako bi počeo novi dan bez da zakasniš.	0	srp_latn	0	When your alarm rings in the morning you can snooze it if you want to sleep a little longer or turn it off and get up to start a new day without being late.	When your alarm rings in the morning you can throw it if you want to sleep a little longer or turn it off and get up in order to start a new day without being late.	0	group0022_ex000222_srp_latn_0	
Sećam se da je jedan moj prijatelj uzeo peškir kada je bio u hotelu, moguće da ga koristi i dan danas.	Svaki put kada odem u hotel, pitam se gde oni dođavola nabavljaju svoje peškire, gotovo uvek su tako mali, tako debeli da mi posebno zadovoljstvo predstavlja samo brisanje peškirom nakon što se okupam.	Svaki put kada odem u hotel, pitam se gde oni dođavola nabavljaju svoje peškire, gotovo uvek su tako veliki, tako debeli da mi posebno zadovoljstvo predstavlja samo brisanje peškirom nakon što se okupam.	1	srp_latn	0	I remember a friend of mine took a towel when he was at a hotel; it's possible he still uses it to this day. Every time I go to a hotel, I wonder where the hell they get their towels, they are almost always so small, so thick that just drying myself with a towel after I shower brings me a special kind of pleasure.	I remember that a friend of mine took a towel when he was at a hotel, he might still be using it to this day. Every time I go to a hotel, I wonder where the hell they get their towels, they are almost always so big, so thick that just drying myself with a towel after I bathe is a special pleasure for me.	0	group0022_ex000219_srp_latn_0	
Sastavni deo obuke iz navigacije jeste upotreba kompasa jer nećeš uvek imati telefon kod sebe.	Dolaze u različitim oblicima, najpopularniji je okrugli, sa crvenom i plavom pozadinom.	Dolaze u različitim oblicima, najpopularniji je okrugli, sa crvenom i plavom iglom.	1	srp_latn	0	An integral part of navigation training is the use of a compass because you will not always have your phone with you. They come in different shapes, the most popular is the round one, with a red and blue background.	An integral part of navigation training is the use of a compass because you won't always have a phone with you. They come in different shapes, the most popular being the round one, with a red and blue needle.	0	group0022_ex000298_srp_latn_0	
Odvrnuo sam osigurač koji je povezan sa zvonom na vratima jer svaki put kad zvoni, to su samo neki promoteri i prodavci koji uvek izaberu neki loš trenutak da dođu i dosađuju mi svojim proizvodima i uslugama kao da ne živimo u dvadeset i prvom veku pa ne možemo da nađemo sve na internetu.	Moja porodica i prijatelji mi svakako jave kad su ispred zgrade pa ni nemam nikakvu potrebu za zvonom jer čim neko zvoni na vratima, znači da ga ni ne očekujem.	Moja porodica i prijatelji mi svakako jave kad su ispred zgrade pa ni nemam nikakvu potrebu za zvonom jer čim neko lupa na vratima, znači da ga ni ne očekujem.	0	srp_latn	0	I unscrewed the fuse that is connected to the doorbell because every time it rings, it's just some promoters and salespeople who always choose a bad moment to come and bother me with their products and services as if we don't live in the twenty-first century where we can find everything on the internet. My family and friends let me know when they're in front of the building anyway, so I have no need for a doorbell because as soon as someone rings, it means I'm not expecting them.	I unscrewed the fuse connected to the doorbell because every time it rings, it's just some promoters and salespeople who always choose a bad time to show up and annoy me with their products and services, as if we don't live in the twenty-first century and can't find everything on the internet. My family and friends let me know when they're in front of the building anyway, so I have no need for a doorbell, because as soon as someone knocks on the door, it means I'm not expecting them.	0	group0022_ex000302_srp_latn_0	
U slobodno vreme se bavim stolarstvom, uživam u tome da napravim nešto od drveta i da onda to poklonim ili po simboličnoj ceni prodam prijateljima ili kome god.	Kada treba da napravim nešto novo, onda prvo uvek nacrtam na papir, zatim taj crtež rastavim na osnovne delove i onda iscrtam linije na daske. Kasnije je potrebno samo da isečem i spojim sve.	Kada treba da napravim nešto novo, onda prvo uvek nacrtam na papir, zatim taj crtež rastavim na osnovne delove i onda iscrtam linije na daske. Kasnije je potrebno samo da isečem i složim sve.	0	srp_latn	0	In my free time I do carpentry, I enjoy making something out of wood and then gifting it or selling it at a symbolic price to friends or whoever. When I need to make something new, I always draw it on paper first, then I break that drawing down into its basic parts, and then I draw the lines on the boards. Later, I just need to cut and connect everything.	In my free time, I do carpentry, I enjoy making something out of wood and then gifting it or selling it for a symbolic price to friends or whoever. When I need to make something new, I always draw it on paper first, then I break that drawing down into basic parts and then draw the lines on the boards. Later, I just need to cut and assemble everything.	0	group0022_ex000224_srp_latn_0	
Ako ti se automobil pokvari i ne možeš da rešiš kvar sam bilo zato što ga ne vidiš ili nemaš znanja i alata za to	moraš da ideš kod vulkanizera.	moraš da ideš do mehaničara.	1	srp_latn	0	If your car breaks down and you can't fix the problem yourself, either because you don't see it or you don't have the knowledge and tools for it, you have to go to a vulkanizer.	If your car breaks down and you cannot fix the problem yourself, either because you cannot see it or you do not have the knowledge and tools for it, you have to go to a mechanic.	0	group0022_ex000297_srp_latn_0	
bure	može da utiče na kvalitet pića.	može da utiče na kvantitet pića.	0	srp_latn	0	A barrel can affect the quality of the drink.	A barrel can affect the quantity of the drink.	0	group0022_ex000325_srp_latn_0	
Najavili su kišu za sutra ceo dan, ponesi kabanicu	da ne bi pokisao sve i da bi mogao slobodno da hodaš jer je samo držiš i spreman si.	da ne bi pokisao sve i da bi mogao slobodno da hodaš jer je samo obučeš i spreman si.	1	srp_latn	0	Rain is forecast for the whole day tomorrow, bring a raincoat so you don't get soaked and so you can walk freely because you just hold it and you're ready.	They've forecast rain for all day tomorrow, bring a raincoat so you don't get all wet and so you can walk freely because you just put it on and you're ready.	0	group0022_ex000323_srp_latn_0	
Iako ga zubari preporučuju, mali broj ljudi koristi konac za zube,	ironija je da se on stalno pravi od tkanine iako je konac.	ironija je da se on uopšte ne pravi od tkanine iako je konac.	1	srp_latn	0	Although dentists recommend it, few people use dental floss, the irony is that it is constantly made of fabric even though it's a thread.	Although dentists recommend it, few people use dental floss; the irony is that it isn't made of fabric at all, even though its name means thread.	0	group0022_ex000220_srp_latn_0	
