prompt	solution0	solution1	label	language	script
Некад на бунари несу зидани сантрачи.	Наместо сантрачи, одозгор су преко њи заковували слубе да ги не прелетив сојке.	Наместо сантрачи, одозгор су преко њи заковували даске да ги не прелетив сојке.	1	sr-tor	cyrillic
Кад се јајца офарбав у луковину, …	добијев бордову боју.	добијев зелену боју.	1	sr-tor	cyrillic
Кад има млого лајна по ливаду, ...	значи да су туј скоро проодиле краве, биволи, ели коњи.	значи да су туј скоро проодиле краве, биволи, ели овце.	0	sr-tor	cyrillic
Како се башча припрема за пролетну сетву?	Риља се да се спреми за сетву.	Наводњује се да се спреми за сетву.	0	sr-tor	cyrillic
Тг се такој спремало, неје имало ко сг: црепуља одоздол, па се тури вршњик одозгор и се такој...	омеси леб.	испече леб.	1	sr-tor	cyrillic
У тој време, неје се могло отидне у гости без забуљување главу.	Забулиш се сас мараму и такој идеш.	Забулиш се сас ванелу и такој идеш.	0	sr-tor	cyrillic
Кад ти долазив гости ненајавени, спремало се нешто брзински.	На пример, расуче се гологлавка: накршив се јајцики и сирење, сипне се мрвка млекце да се не зглетави, па се тури у тестиче и се пече.	На пример, расуче се гологлавка: накршив се јајцики и сирење, сипне се мрвка млекце да се не зглетави, па се тури у тепсиче и се пече.	1	sr-tor	cyrillic
Кад је понапоље млого љизгаво...	турив људи најлон на ноге преко цокуле да се не утепав на љизгавицу.	турив људи чарапе на ноге преко цокуле да се не утепав на љизгавицу.	1	sr-tor	cyrillic
Кад се људи млого премрзнев по наулице, закука ги се нос.	Таг натурав класурке у један лонац, сипев ладну водицу, покријев сас чаршав и такој се напарујев.	Таг натурав класурке у један лонац, сипев топлу водицу, покријев сас чаршав и такој се напарујев.	1	sr-tor	cyrillic
Кад коџа деца има у кућу, тешко за спремање рану, кад су аздисали па се не зна кој ће које да једе. Треба ги се тури у голем грнац гра, ...	да имав деца да црпнев и да куснев.	да имав деца да црпнев и да набодев.	0	sr-tor	cyrillic
Бадњи дан је голем празник. Слави се с млого церемоније. Домаћин из кућу иде по Бадњак и саберев се из сваку кућу домаћини, секирче на грбину и идев по Бадњак.	Бадњак кад се исече, обично се из шуму износи пешки.	Бадњак кад се исече, обично се из шуму износи сас запрегу.	0	sr-tor	cyrillic
Кад настане немање, немаштина тешка, људи се снаодив кој како уме.	Кој нема млого паре ел имање, тај се обично задужује.	Кој нема ич паре ел имање, тај се обично задужује.	1	sr-tor	cyrillic
Има ги млого бробињци, и по куће и по окућнице и по авлију.	Збирав се на зреле воћке, ал од кисело бегав.	Збирав се на кисело, ал од зреле воћке бегав.	0	sr-tor	cyrillic
Овде на југ се поприка овакој спрема за ајвар:	Кад се поприка испече и ољупи, после се свари у шерпу па се ондак меље на воденицу.	Кад се поприка испече и ољупи, после се меље на воденицу, па се ондак свари у шерпу.	1	sr-tor	cyrillic
Ракија се пресипе из буре ели из балонче у килајку и се из килајку послужује на гости.	У килајку има за две-три ракиске чашке да се сипе.	У килајку има за двајес-тријес ракиске чашке да се сипе.	1	sr-tor	cyrillic
Кад се подложује шпорет,...	прво се турив поголеми дрвја, па онда треске.	прво се турив треске, па онда поголеми дрвја.	1	sr-tor	cyrillic
Раније се садија дуван за цигаре, не су се купувале. Прво се посеје у леју, преко леју се савијев врбови прућа, и се направи рам, па се покрије с дебел најлон, и пушти да семе расте да буде за расад. Направив се бразде и туј се узне зашиљено колче и дубоко се забоде у земњу. Кад порасне дуван да направи по три-четири лисја, ...	таг се бере и ниже на пртен конац сас голему иглу.	таг се бере и ниже на пртен конац сас малечку иглу.	0	sr-tor	cyrillic
Позади плевњу има један самоник слива.	Кад собајле огреје слунце, она се подвије до земњу.	Кад собајле дуне ветар, она се подвије до земњу.	1	sr-tor	cyrillic
Које се работи сас бреске кад је плод величина лешник?	Таг се бреске берев.	Таг се бреске плевив.	1	sr-tor	cyrillic
Кад кокошка снесе јајца у гнездо, ...	прво се помери кокошка, па се узнев јајца из гнездо.	прво се узнев јајца из гнездо, па се помери кокошка.	0	sr-tor	cyrillic
Несу некад имали купатила. Воду за бањање исто смо гу доносили од кладанац.	Наточимо гу у тестије и гу такој носимо дом, загревамо гу на огањ, па се бањамо.	Наточимо гу у тенџере и гу такој носимо дом, загревамо гу на огањ, па се бањамо.	0	sr-tor	cyrillic
Кад се слава славила, гости су рано дођували, преко зиму чим се смркне. Соберев се повишке па се убаво изоратив пре него што пресечев колач.	Нож се кали у винце па се пресече колач.	Пресече се колач па се нож кали у винце.	0	sr-tor	cyrillic
Сено се претерувало сас шински кола. Кола су па вукле краве (прегнев се у јарам). На странице се турив лојтре, да се сено не растрви.	У кола се сено натоварувало сас виле.	У кола се сено натоварувало сас грабуље.	0	sr-tor	cyrillic
Овце се чував у...	шталу.	трлу.	1	sr-tor	cyrillic
Амбар се градија од летве.	Летве се заковев поретко да не мож џивжани да се протњујев кроз њега.	Летве се заковев погусто да не мож џивжани да се протњујев кроз њега.	1	sr-tor	cyrillic
Јајца су се за Велигден фарбали и сас цеђ.	Такој се умастив у рићкасту боју.	Такој се умастив у сивкасту боју.	1	sr-tor	cyrillic
Кад су девојке ишле на собор, око гушу замотав огртач од свилу, обујев лаковане нануле,	а на уши закачив бисери.	а око врат закачив бисери.	1	sr-tor	cyrillic
Кад се сирење сири, сипне се сириште у млеко, па се од тој направи подсир…	Подсир се сипе у судоперу и се у туј судоперу правив филије.	Подсир се сипе у цедило и се у тој цедило правив филије.	1	sr-tor	cyrillic
Некад су се људи углавном грејали сас шпорет на дрва.	Натрупив ги дрва сас секирче, и с тија дрва ложив шпорет.	Натрупив ги дрва сас тестеру, и с тија дрва ложив шпорет.	0	sr-tor	cyrillic
Овакој се прави развукувана баница. Умеси се тесто и се тури на астал. Прво се малко расука сас сукаљку, па се онда јоште развукује сас руке. Тури се малко сиренце ел зеље и се онда...	умота у колце, па се такој пече.	умота у винце, па се такој пече.	0	sr-tor	cyrillic
Печурке се берев по шуме и по ливачики. Идеш, заглиђаш добро, помераш шумке сас тојагу, оне се умев сакријев.	Да се печурке не искршив док се берев, побоље да се уватив за корен него за капу.	Да се печурке не искршив док се берев, побоље да се уватив за капу него за корен.	0	sr-tor	cyrillic
За доручак се пекла потпичаљка. Замеша се млака водица, мрвка солчица и брашанце, мало мумурузно, мало чисто, и се замути сас жицу. Подмаже се тепсија сас мазак, сипнев се три-четири црпке, запече се. Огањ мора прво да буде добро накладен. Па се па намаже сас мазак. Натроши се мрвка сиренце, па се па сипнев три-четири црпке.	И такој 3-4 пут.	И такој двајестину пут.	0	sr-tor	cyrillic
Неје било некад такој ко саг, па дечишта стално једев свакакви слаткиши и сланиши. Него николко орашчики и тој једев деца.	Орашчики ги искршив сас камен ел сас чук и ги једев.	Орашчики ги искршив сас камен ел сас притку и ги једев.	0	sr-tor	cyrillic
За Велигден се јајца мастив у луковину и шарав сас детелинку ел сас лисја, па се онда укућани...	кљоцав с јајца, па ги изедев.	изедев јајца, па се кљоцав.	0	sr-tor	cyrillic
Гра се мож вари, а мож се и запече.	Кад је варен гра, мож се куса сас ложицу, ели се па може помацкује, а кад се па запече, мош се једе и сас виљушку.	Кад је варен гра, мож се куса сас виљушку, ели се па може помацкује, а кад се па запече, мош се једе и сас ложицу.	0	sr-tor	cyrillic
Раније се носила млого плетенија.	Овакој се плело: на дрвене игле се заплићав чарапе, ванеле, јелеци, шалови, капе.	Овакој се плело: на дрвени вретена се заплићав чарапе, ванеле, јелеци, шалови, капе.	0	sr-tor	cyrillic
Преко зиму кад нема млого работа у поље, обично су жене преле. Разапнев разбој на сред собу, основев пређу па сас брдо ударав, а сас совељку сједињујев туј пређу.	И такој по цел ноћ док не исткајев чергу за покривање.	И такој по пола сат - сат док не исткајев чергу за покривање.	0	sr-tor	cyrillic
Малечки дечишта, бебики, кад не мож се успијев, нишав се.	Мош се занишав у ћебенце.	Мош се занишав у пешкирче.	0	sr-tor	cyrillic
Кад се свари чорба (гра, ели вариво, ели боранија, ел па нека друга чорба), и се принесе на астал,	у тањирчики се сипује сас ложицу и се једе сас црпку.	у тањирчики се сипује сас црпку се једе сас ложицу.	1	sr-tor	cyrillic
Печурке се откупујев ели сирове ели осушене.	За кило печурке треба више печурке да се наберев кад се сирове продавав него кад се осушене продавав.	За кило печурке треба више печурке да се наберев кад се осушене продавав него кад се сирове продавав.	1	sr-tor	cyrillic
Леб се често изглетави	ако шпорет не пече добро одоздол.	ако шпорет пече добро одоздол.	0	sr-tor	cyrillic
Некад се неје спало на кревети ко саг, несу имали кревети таг.	Распрострев се пртене черге на басамаци, и се туј спије.	Распрострев се пртене черге на патос, и се туј спије.	1	sr-tor	cyrillic
Исечемо талу, нафрљамо гу у копе и после преносимо у јасле...	да гу једев овце.	да гу једев краве.	1	sr-tor	cyrillic
У пређашњо време, неје имало обукло ко саг. Прела се вуна.	Тури се кудељица на вретено па се мота пређа на кудељу.	Тури се кудељица на кудељу па се мота пређа на вретено.	1	sr-tor	cyrillic
Деца обично гра неће га једев кад је млого заљутен.	Затој избегавамо да турамо босиљчак у гра кад треба и деца да га једев.	Затој избегавамо да турамо џинке у гра кад треба и деца да га једев.	1	sr-tor	cyrillic
Како се прави пунђа?	Натапира се коса сас укосницу и се закачи сас рајф да се не растура.	Натапира се коса сас чешаљ и се закачи сас рајф да се не растура.	1	sr-tor	cyrillic
Кад зафрљачиш лоптицу скочицу на патос, ...	Она се прво тркаља, па рипка по патос, и на послетку стане.	Она прво рипка, па се тркаља по патос, и на послетку стане.	1	sr-tor	cyrillic
Кад неје имало струја, палили су се гасарчики на фитиљ.	Тија су гасарчики служили за грејање.	Тија су гасарчики служилли за видело.	1	sr-tor	cyrillic
У оној време, бебики се повивали сас памучне пелене, неје имало ко саг само памперси и такви бакрачи.	Повијев га бебе, па га обањав.	Обањав га бебе, па га повијев.	1	sr-tor	cyrillic
Пуцке су се некад обично пуцкале у поклопену шерпу на шпорет. Пуцке се пуцкав....	од пшенични зрневља.	од мумурузни зрневља.	1	sr-tor	cyrillic
Дечишта се по цел дан играв у блато по авлију, избачкав се ко прашчики. Не иде да такви дрљави полегав у пртене черге.	Затој кад се сноћи, иде бањање па спање.	Затој кад се сноћи, иде спање па бањање.	0	sr-tor	cyrillic
За копање поприку се користив малечки матичики.	Сас њи се поприка риља.	Сас њи се поприка копа.	1	sr-tor	cyrillic
Некад не било куде доктори да се иде сваки час. Кад се људи преко зиму преладив, и кад ги вати ватра, доктури ги далеко, па се сами лекујев.	У једно лонче си сипев расоницу, и у гу попијев.	У једно лонче си сипев расоницу, и у гу поједев.	0	sr-tor	cyrillic
Вариво се овакој варило: Тури се у тенџеру кисел копус, покрупно издробен, мрвка сланинка, нека кошчица, туцана паприка, малко мазак.	Поклопи се и тури се на крај шпорет до ћунку, да крчка.	Поклопи се и тури се на крај шпорет до ћунку, да се запече.	0	sr-tor	cyrillic
Кад се џољке исцепив од млого носење, оне се треба	оперев.	закрпив.	1	sr-tor	cyrillic
Голуби се чував по голубарници. Неки ги турав алке да ги разпознавав од туђи голуби.	Алке ги се турав на прсти.	Алке ги се турав на ноге.	1	sr-tor	cyrillic
Суво месо се суши у пушницу.	Обично му треба два-три сата да се осуши.	Обично му треба две-три недеље да се осуши.	1	sr-tor	cyrillic
За Бадњо вече, домаћице останев дом да спремав трпезу за вечеру. Згрејев ракију, сварив гра, насучев копусник, сварив и воћке од сушене сливе, а на остал свашта си има. Уз запалену свећу у сапетку се настављав јабуке, ораси, смокве, понеко посно колаче направено на ручну воденицу. Омеси се једно кравајче и се у њега тури најмалена гвоздена парка.	Прво се потражи парка у кравајче, па се оно искрши и онда се раздели на укућани.	Прво се кравајче искрши, па се раздели на укучани, па се онда потражи парка.	1	sr-tor	cyrillic
Кад се дуван суши, препознава се по боју.	Кад буде жут ко дукат, скиђа се од рам, разврзује се од врцу и се калупи.	Кад буде црн ко катран, скиђа се од рам, разврзује се од врцу и се калупи.	0	sr-tor	cyrillic
Кад дође време за једење поседав деца покрај танур, које је чучнало, које је седнало на троношче,	само да закуснев нешто у ложицу.	само да закуснев нешто у виљушку.	0	sr-tor	cyrillic
Мумуруз се пре береше ручно, заврже се шило сас врцу, па се такој љупи на струк.	Не мож се љупи сас голе руке, заболив руке.	Не мож се љупи сас голе руке, уштрокавив се руке.	0	sr-tor	cyrillic
Кад се дете пипне за косу сас чађаве руке,	коса му се зарумени.	коса му се загарави.	1	sr-tor	cyrillic
Кад се деца качив на дудинке, поготово црне, не знав колко ће изедев и ...	све уфлекав џољчики, па се одвај изоперев, ако се може скине флека.	све уфлекав џољчики, па се ласно изоперев, ласно се скине флека.	0	sr-tor	cyrillic
Кад се поткиселује млеко,	прво се вари млеко, па се тад тури поткваса.	прво се тури поткваса, па се тад вари млеко.	0	sr-tor	cyrillic
Како се кити јелка? На грањке од шмреку се завржев бомбоне сас конче...	Деца ги изедев бомбоне до Нову годину, па на јелку останев само артишке закачене на конче.	Деца ги изедев бомбоне до Нову годину, па на јелку останев само грањке закачене на конче.	0	sr-tor	cyrillic
Кад се увијав локне...	Прво се опере коса, па се онда навијев виклери, и такој стојив цел ноћ.	Прво се навијев виклери, па се онда опере коса, и тако стојив цел ноћ.	0	sr-tor	cyrillic
Проја се овакој спраља: Туриш три до четири јајцики, измућкаш, туриш малко сиренце, једну чашку зејтинак и једну кисело млекце, једно пециво, једну чашу мумурузно и једну чашу чисто брашанце.	Онда туриш у релну и печеш.	Онда туриш на шпрет и печеш.	0	sr-tor	cyrillic
Кад човек има млого голему ногу, па му ниједна обућа не пасује, ...	мора му се башка штевив опанци од пртено платно.	мора му се башка штевив опанци од кожу.	1	sr-tor	cyrillic
Јатке из коштељке од праске убаве за једење.	Исече се коштељка, па се извади јатка, и се поједе.	Искрши се коштељка, па се извади јатка, и се поједе.	1	sr-tor	cyrillic
Како се лучи поприка?	Испече се поприка, па се ољупи, нареди се у чинију, тури се зејтин, сирће, сол и бели лук.	Ољупи се поприка, па се испече, нареди се у чинију, тури се зејтин, сирће, сол и бели лук.	0	sr-tor	cyrillic
Преко лето имав млого воћке да се оберев. На пример, сливе.	Намлатив се сас танко пруче на најлон, па се скупљав у кофичики.	Намлатив се сас поголему мотку на најлон, па се скупљав у кофичики.	1	sr-tor	cyrillic
Кад удари фифулица, завеје голем снег, намети до гушу.	Људи тад сас чукач правив пртину.	Људи тад сас лопату правив пртину.	1	sr-tor	cyrillic
Кад домаћин донесе Бадњак, иструпи га на дрвник. Узме нарамак на руку, преко њега алено конче, иде напред и вика "Квац, квац", а деца по њега "Пију, пију".	Домаћица га пресрића на праг, за адет у малецко чанче сипне црвено винце, па попрска мало по Бадњак. Вајда је такој.	Домаћица га пресрића на праг, за адет у малецко чанче сипне црвено винце, па попрска мало по домаћина. Вајда је такој.	0	sr-tor	cyrillic
Кад кокошке снесев коџа јајца, туримо ги	у голем грнац.	у малечак грнац.	0	sr-tor	cyrillic
У село куде јоште нема ни струја ни вода, по воду се иде на кладанац.	Там се вода точи сас лејку и се носи на обрамку.	Там се вода точи сас обрамку и се носи на лејку.	0	sr-tor	cyrillic
Ливада се косила такој што се исклепа коса на точило и се стави големо држаље па се направив откоси.	Откоси се после сабирав сас теслу на офирке.	Откоси се после сабирав сас вилу на офирке.	1	sr-tor	cyrillic
Кад се пече ракија, сас трице се премазује лула на капак од казан и...	кроз тај капак течи ракија.	кроз туј лулу течи ракија.	1	sr-tor	cyrillic
Од млого појање, ...	оће да га потера човека да промукне.	оће да га потера човека да лацка.	0	sr-tor	cyrillic
Сарме су се некад овакој пуниле -- несу имале урутке ко саг, него:	Упржи се црни лук, гребне се мало мазак из лонче, дода се шачка ориз, шачка прженичка, мрвка солчак, умотав се сарме и се турив да вријев.	Упржи се црни лук, гребне се мало мазак из лонче, дода се шачка ориз, шачка прженичка, мрвка солчак, умотав се сарме и се турив да се препичав.	0	sr-tor	cyrillic
Кој не мож да једе млого тврд лебац, ...	тај мож да га потпича лебац.	тај мож да га мацка лебац.	1	sr-tor	cyrillic
Преко зиму су стално били пости. Мрсна рана се јела само на добар дан.	Компири се измијев, врљив се у релну са све љупке, и на појаку ватру се печев.	Компири се измијев, врљив се у релну сас све љупке, и на тију ватру се печев.	0	sr-tor	cyrillic
Кад се дуван исуши, на крај, калупљен се реже сас нож на даску...	и се у артишке правив цигаре.	и се у целофани правив цигаре.	0	sr-tor	cyrillic
Некад несу имале ограде, него се заграђувало сас тарабе.	Тарабе су се заковувале сас пијук.	Тарабе су се заврзувале сас жицу.	1	sr-tor	cyrillic
Кад се пунив сарме, смеса се тури у лисја од лозинку.	Тија се лисја треба провријев, па да одстојив.	Тија лисја треба одстојив, па да се провријев.	0	sr-tor	cyrillic
Идев људи у печурке и собајле и навечер, кој кад има време.	Собајле се повиш мож нађев печурке него навечер.	Навечер се повиш мож нађев печурке него собајле.	0	sr-tor	cyrillic
Да би коренчики од парадајац, поприку и краставице могали фираев у башчу,	мора се редовно кастрив.	мора се редовно посипњујев.	1	sr-tor	cyrillic
Девојке кад идешев на собор перемењувале су се такој што обучев полку, а скутачу завржев око пајас...	па се загрнев сас везену вутарку.	па се загрнев сас плетену ванелу.	1	sr-tor	cyrillic
Кафа се некад правила од млевену раженицу.	Самеље се раженица, па се онда испече и се посла кафа кува.	Испече се раженица, па се онда самеље и се после кафа кува.	1	sr-tor	cyrillic
Кад се деца укачив на вр црешњу, па нумев да сиђев, ...	туримо ги даску да се спуштив одозгор.	туримо ги слубу да се спуштив одозгор.	1	sr-tor	cyrillic
Пшеница се некад неје жњеала сас комбајн него ручно сас срп.	Напуниш шаку и правиш руковети па сас косу сабираш на гомилу.	Напуниш шаку и правиш руковети па сас грабуљу сабираш на гомилу.	1	sr-tor	cyrillic
Трина се направи од дрвја...	кад ги тија дрвја прелепујеш.	кад ги тија дрвја сечеш с тестеру.	1	sr-tor	cyrillic
Пржено се овакој прави код нас на југ Србију.	Издробив се поприке и парадајац у тигањ и се засолив.	Издробив се поприке и парадајац у тигањ и се зашићерив.	0	sr-tor	cyrillic
Кад је вода у поток студена, понесев се гигаљке, обично две.	Оне служив да се не гази с ноге крз воду.	Оне служив да се гази с ноге крз воду.	0	sr-tor	cyrillic
Постари људи кад идев куде доктура ел па у посрамни гости, обучев се убаво.	Обучев прво пртене гаће, па чакшире, па клашњен капут па преко њега свилен јелек.	Обучев прво пртене гаће, па чакшире, па свилен јелек, па преко њега клашњен капут.	1	sr-tor	cyrillic
За качување на спратови ели па на поткровје, обично се градив басамаци. За качување на таван па обично јок.	На таван се обично качујев људи сас слубу.	На таван се обично качујев људи сас столице.	0	sr-tor	cyrillic
Сено се скупља у стогови.	Соберев се људи, и га сас матичики збирав у стог.	Соберев се људи, и га сас виле збирав у стог.	1	sr-tor	cyrillic
Кад се потпичаљка испече, покрије се с неко поголемо цедило, мрвка се пролади и се исече на филије.	Уз потпичаљку се мож поједе кисело млекце.	Уз потпичаљку се мож поједе малко шићерак.	0	sr-tor	cyrillic
Кад се проџарав жарчики сас машу...	Огањ се разбукти.	Огањ се утихне.	0	sr-tor	cyrillic
Деца често џврљав по књиге ел по свеске.	Кад наџврљав нешто с кемиску, тој се не мож обрише с гумицу.	Кад наџврљав нешто с обичну, тој се не мож обрише с гумицу.	0	sr-tor	cyrillic
Некад се млого шпарало.	Шићер кад поскупи, он се мора помалкује, леб се помрвкује да остане од ручак за вечеру. И друго које се има, не се аби, но се причувује.	Шићер кад поскупи, он се мора помалкује, леб се помрвкује да остане од ручак за вечеру. И друго које се има, не се причувује, но се аби.	0	sr-tor	cyrillic